﻿{"inkVersion":20,"root":[["^You wake up.","\n","^You don't remember who you are and where you are! But, there is a man nearby wearing a Gucci basketball hat holding a bunch of cards.","\n","^The man offers you to play Blackjack.","\n","^As you play the game of Blackjack, you will retrieve your memory but with a \"twist\". Your memory will be altered by the virtue of how you play the game.","\n","^As you start, you have four cards: A, J, 3, and 6.","\n","ev","str","^Discover your memory","/str","/ev",{"*":"0.c-0","flg":4},{"c-0":["^ ",{"->":"Round1"},"\n",{"->":"0.g-0"},{"#f":5}],"g-0":["done",{"#f":5}]}],"done",{"Casino":[["^You entered a gorgeous casino.","\n","ev","str","^Round 1","/str","/ev",{"*":".^.c-0","flg":4},{"c-0":["^ ",{"->":"Round1"},"\n",{"#f":5}]}],{"#f":1}],"Round1":[["ev","visit",2,"seq","/ev","ev","du",0,"==","/ev",{"->":".^.s0","c":true},"ev","du",1,"==","/ev",{"->":".^.s1","c":true},"nop",{"s0":["pop","^Oh no! You lost the first round of Blackjack. ",{"->":"Lost1"},{"->":".^.^.17"},null],"s1":["pop","^You won the first round of Blackjack! ",{"->":"Won1"},{"->":".^.^.17"},null],"#f":5}],"\n",{"#f":1}],"Lost1":["ev","str",["ev","visit",4,"seq","/ev","ev","du",0,"==","/ev",{"->":".^.s0","c":true},"ev","du",1,"==","/ev",{"->":".^.s1","c":true},"ev","du",2,"==","/ev",{"->":".^.s2","c":true},"ev","du",3,"==","/ev",{"->":".^.s3","c":true},"nop",{"s0":["pop","^A",{"->":".^.^.29"},null],"s1":["pop","^J",{"->":".^.^.29"},null],"s2":["pop","^3",{"->":".^.^.29"},null],"s3":["pop","^6",{"->":".^.^.29"},null],"#f":5}],"/str","/ev",{"VAR=":"setting","re":true},"^Your opponent has won, which means he gets to chose your memory. He picked ","ev",{"VAR?":"setting"},"out","/ev","^ from your cards.","\n",{"->":"next1"},{"#f":1}],"Won1":[["ev",{"VAR?":"win"},1,"+",{"VAR=":"win","re":true},"/ev","^You have four cards in your hand.","\n","^Chose one to find out where you are.","\n",["ev",{"^->":"Won1.0.10.$r1"},{"temp=":"$r"},"str",{"->":".^.s"},[{"#n":"$r1"}],"/str","/ev",{"*":".^.^.c-0","flg":18},{"s":["^A ","ev","str","^A","/str",{"f()":"set_setting"},"out","/ev","^ ",{"->":"$r","var":true},null]}],["ev",{"^->":"Won1.0.11.$r1"},{"temp=":"$r"},"str",{"->":".^.s"},[{"#n":"$r1"}],"/str","/ev",{"*":".^.^.c-1","flg":18},{"s":["^J ","ev","str","^J","/str",{"f()":"set_setting"},"out","/ev","^ ",{"->":"$r","var":true},null]}],["ev",{"^->":"Won1.0.12.$r1"},{"temp=":"$r"},"str",{"->":".^.s"},[{"#n":"$r1"}],"/str","/ev",{"*":".^.^.c-2","flg":18},{"s":["^3 ","ev",3,{"f()":"set_setting"},"out","/ev","^ ",{"->":"$r","var":true},null]}],["ev",{"^->":"Won1.0.13.$r1"},{"temp=":"$r"},"str",{"->":".^.s"},[{"#n":"$r1"}],"/str","/ev",{"*":".^.^.c-3","flg":18},{"s":["^6 ","ev",6,{"f()":"set_setting"},"out","/ev","^ ",{"->":"$r","var":true},null]}],{"c-0":["ev",{"^->":"Won1.0.c-0.$r2"},"/ev",{"temp=":"$r"},{"->":".^.^.10.s"},[{"#n":"$r2"}],"\n",{"->":"next1"},{"#f":5}],"c-1":["ev",{"^->":"Won1.0.c-1.$r2"},"/ev",{"temp=":"$r"},{"->":".^.^.11.s"},[{"#n":"$r2"}],"\n",{"->":"next1"},{"#f":5}],"c-2":["ev",{"^->":"Won1.0.c-2.$r2"},"/ev",{"temp=":"$r"},{"->":".^.^.12.s"},[{"#n":"$r2"}],"\n",{"->":"next1"},{"#f":5}],"c-3":["ev",{"^->":"Won1.0.c-3.$r2"},"/ev",{"temp=":"$r"},{"->":".^.^.13.s"},[{"#n":"$r2"}],"\n",{"->":"next1"},{"#f":5}]}],{"#f":1}],"set_setting":[{"temp=":"x"},"ev",{"VAR?":"x"},"/ev",{"VAR=":"setting","re":true},{"#f":1}],"next1":[["ev",{"VAR?":"setting"},"/ev",["du","ev","str","^A","/str","==","/ev",{"->":".^.b","c":true},{"b":["pop","\n","^You are in a casino.","\n",{"->":".^.^.^.8"},null]}],["du","ev","str","^J","/str","==","/ev",{"->":".^.b","c":true},{"b":["pop","\n","^You are in a movie theatre.","\n",{"->":".^.^.^.8"},null]}],["du","ev",3,"==","/ev",{"->":".^.b","c":true},{"b":["pop","\n","^You are in an amusement park.","\n",{"->":".^.^.^.8"},null]}],["du","ev",6,"==","/ev",{"->":".^.b","c":true},{"b":["pop","\n","^You are in a coffee shop.","\n",{"->":".^.^.^.8"},null]}],"pop","nop","\n","^How did you get here?","\n","ev","str","^Keep playing to find out","/str","/ev",{"*":".^.c-0","flg":4},{"c-0":["^ ",{"->":"Round2"},"\n",{"#f":5}]}],{"#f":1}],"Round2":[["ev","visit",2,"seq","/ev","ev","du",0,"==","/ev",{"->":".^.s0","c":true},"ev","du",1,"==","/ev",{"->":".^.s1","c":true},"nop",{"s0":["pop","^You lost the second round of Blackjack. ",{"->":"Lost2"},{"->":".^.^.17"},null],"s1":["pop","^You won the second round of Blackjack. ",{"->":"Won2"},{"->":".^.^.17"},null],"#f":5}],"\n",{"#f":1}],"Lost2":["ev","str",["ev","visit",3,"seq","/ev","ev","du",0,"==","/ev",{"->":".^.s0","c":true},"ev","du",1,"==","/ev",{"->":".^.s1","c":true},"ev","du",2,"==","/ev",{"->":".^.s2","c":true},"nop",{"s0":["pop","^2",{"->":".^.^.23"},null],"s1":["pop","^10",{"->":".^.^.23"},null],"s2":["pop","^7",{"->":".^.^.23"},null],"#f":5}],"/str","/ev",{"VAR=":"character","re":true},"^Your opponent has won, which means he gets to chose your memory. He picked ","ev",{"VAR?":"character"},"out","/ev","^ from your cards.","\n",{"->":"next2"},{"#f":1}],"Won2":[["ev",{"VAR?":"win"},1,"+",{"VAR=":"win","re":true},"/ev","^You have three cards in your hand and you chose:","\n",["ev",{"^->":"Won2.0.8.$r1"},{"temp=":"$r"},"str",{"->":".^.s"},[{"#n":"$r1"}],"/str","/ev",{"*":".^.^.c-0","flg":18},{"s":["^2 ","ev",2,{"f()":"set_character"},"out","/ev","^ ",{"->":"$r","var":true},null]}],["ev",{"^->":"Won2.0.9.$r1"},{"temp=":"$r"},"str",{"->":".^.s"},[{"#n":"$r1"}],"/str","/ev",{"*":".^.^.c-1","flg":18},{"s":["^10 ","ev",10,{"f()":"set_character"},"out","/ev","^ ",{"->":"$r","var":true},null]}],["ev",{"^->":"Won2.0.10.$r1"},{"temp=":"$r"},"str",{"->":".^.s"},[{"#n":"$r1"}],"/str","/ev",{"*":".^.^.c-2","flg":18},{"s":["^7 ","ev",7,{"f()":"set_character"},"out","/ev","^ ",{"->":"$r","var":true},null]}],{"c-0":["ev",{"^->":"Won2.0.c-0.$r2"},"/ev",{"temp=":"$r"},{"->":".^.^.8.s"},[{"#n":"$r2"}],"\n",{"->":"next2"},{"#f":5}],"c-1":["ev",{"^->":"Won2.0.c-1.$r2"},"/ev",{"temp=":"$r"},{"->":".^.^.9.s"},[{"#n":"$r2"}],"\n",{"->":"next2"},{"#f":5}],"c-2":["ev",{"^->":"Won2.0.c-2.$r2"},"/ev",{"temp=":"$r"},{"->":".^.^.10.s"},[{"#n":"$r2"}],"\n",{"->":"next2"},{"#f":5}]}],{"#f":1}],"set_character":[{"temp=":"x"},"ev",{"VAR?":"x"},"/ev",{"VAR=":"character","re":true},{"#f":1}],"next2":[["ev",{"VAR?":"character"},"/ev",["du","ev",2,"==","/ev",{"->":".^.b","c":true},{"b":["pop","\n","^You are a doctor in your late thirties.","\n",{"->":".^.^.^.7"},null]}],["du","ev",10,"==","/ev",{"->":".^.b","c":true},{"b":["pop","\n","^You are a lift operator.","\n",{"->":".^.^.^.7"},null]}],["du","ev",7,"==","/ev",{"->":".^.b","c":true},{"b":["pop","\n","^You are an NCSU student.","\n",{"->":".^.^.^.7"},null]}],"pop","nop","\n","ev","str","^Round 3","/str","/ev",{"*":".^.c-0","flg":4},{"c-0":[{"->":"Round3"},"\n",{"#f":5}]}],{"#f":1}],"Round3":[["ev","visit",2,"seq","/ev","ev","du",0,"==","/ev",{"->":".^.s0","c":true},"ev","du",1,"==","/ev",{"->":".^.s1","c":true},"nop",{"s0":["pop","^You lost the third round. ",{"->":"Lost3"},{"->":".^.^.17"},null],"s1":["pop","^You won the third round. ",{"->":"Won3"},{"->":".^.^.17"},null],"#f":5}],"\n",{"#f":1}],"Lost3":["ev","str",["ev","visit",4,"seq","/ev","ev","du",0,"==","/ev",{"->":".^.s0","c":true},"ev","du",1,"==","/ev",{"->":".^.s1","c":true},"ev","du",2,"==","/ev",{"->":".^.s2","c":true},"ev","du",3,"==","/ev",{"->":".^.s3","c":true},"nop",{"s0":["pop","^4",{"->":".^.^.29"},null],"s1":["pop","^5",{"->":".^.^.29"},null],"s2":["pop","^7",{"->":".^.^.29"},null],"s3":["pop","^A",{"->":".^.^.29"},null],"#f":5}],"/str","/ev",{"VAR=":"story_start","re":true},"^Your opponent has won, which means he gets to chose your memory. He picked ","ev",{"VAR?":"story_start"},"out","/ev","^ from your cards.","\n",{"->":"next3"},{"#f":1}],"Won3":[["ev",{"VAR?":"win"},1,"+",{"VAR=":"win","re":true},"/ev","^You have four cards in your hand and you chose:","\n",["ev",{"^->":"Won3.0.8.$r1"},{"temp=":"$r"},"str",{"->":".^.s"},[{"#n":"$r1"}],"/str","/ev",{"*":".^.^.c-0","flg":18},{"s":["^4 ","ev",4,{"f()":"set_start"},"out","/ev","^ ",{"->":"$r","var":true},null]}],["ev",{"^->":"Won3.0.9.$r1"},{"temp=":"$r"},"str",{"->":".^.s"},[{"#n":"$r1"}],"/str","/ev",{"*":".^.^.c-1","flg":18},{"s":["^5 ","ev",5,{"f()":"set_start"},"out","/ev","^ ",{"->":"$r","var":true},null]}],["ev",{"^->":"Won3.0.10.$r1"},{"temp=":"$r"},"str",{"->":".^.s"},[{"#n":"$r1"}],"/str","/ev",{"*":".^.^.c-2","flg":18},{"s":["^7 ","ev",7,{"f()":"set_start"},"out","/ev","^ ",{"->":"$r","var":true},null]}],["ev",{"^->":"Won3.0.11.$r1"},{"temp=":"$r"},"str",{"->":".^.s"},[{"#n":"$r1"}],"/str","/ev",{"*":".^.^.c-3","flg":18},{"s":["^A ","ev","str","^A","/str",{"f()":"set_start"},"out","/ev","^ ",{"->":"$r","var":true},null]}],{"c-0":["ev",{"^->":"Won3.0.c-0.$r2"},"/ev",{"temp=":"$r"},{"->":".^.^.8.s"},[{"#n":"$r2"}],"\n",{"->":"next3"},{"#f":5}],"c-1":["ev",{"^->":"Won3.0.c-1.$r2"},"/ev",{"temp=":"$r"},{"->":".^.^.9.s"},[{"#n":"$r2"}],"\n",{"->":"next3"},{"#f":5}],"c-2":["ev",{"^->":"Won3.0.c-2.$r2"},"/ev",{"temp=":"$r"},{"->":".^.^.10.s"},[{"#n":"$r2"}],"\n",{"->":"next3"},{"#f":5}],"c-3":["ev",{"^->":"Won3.0.c-3.$r2"},"/ev",{"temp=":"$r"},{"->":".^.^.11.s"},[{"#n":"$r2"}],"\n",{"->":"next3"},{"#f":5}]}],{"#f":1}],"set_start":[{"temp=":"x"},"ev",{"VAR?":"x"},"/ev",{"VAR=":"story_start","re":true},{"#f":1}],"next3":[["ev",{"VAR?":"character"},"/ev",["du","ev",2,"==","/ev",{"->":".^.b","c":true},{"b":["pop","\n","^You are a doctor in your late thirties. ","<>","\n","ev",{"VAR?":"story_start"},"/ev",["du","ev",4,"==","/ev",{"->":".^.b","c":true},{"b":["pop","\n","^You were born in Ecuador, the youngest of 13 siblings.","\n",{"->":".^.^.^.13"},null]}],["du","ev",5,"==","/ev",{"->":".^.b","c":true},{"b":["pop","\n","^You were born in Egypt, in a family of 6.","\n",{"->":".^.^.^.13"},null]}],["du","ev",7,"==","/ev",{"->":".^.b","c":true},{"b":["pop","\n","^You were born in New York, a secret bastard child of Donald Trump.","\n",{"->":".^.^.^.13"},null]}],["du","ev","str","^A","/str","==","/ev",{"->":".^.b","c":true},{"b":["pop","\n","^You were born in Brazil.","\n",{"->":".^.^.^.13"},null]}],"pop","nop","\n",{"->":".^.^.^.7"},null]}],["du","ev",10,"==","/ev",{"->":".^.b","c":true},{"b":["pop","\n","^You are a lift operator. ","<>","\n","ev",{"VAR?":"story_start"},"/ev",["du","ev",4,"==","/ev",{"->":".^.b","c":true},{"b":["pop","\n","^You were born in Ecuador, the youngest of 13 siblings.","\n",{"->":".^.^.^.13"},null]}],["du","ev",5,"==","/ev",{"->":".^.b","c":true},{"b":["pop","\n","^You were born in Egypt, in a family of 6.","\n",{"->":".^.^.^.13"},null]}],["du","ev",7,"==","/ev",{"->":".^.b","c":true},{"b":["pop","\n","^You were born in New York, a secret bastard child of Donald Trump.","\n",{"->":".^.^.^.13"},null]}],["du","ev","str","^A","/str","==","/ev",{"->":".^.b","c":true},{"b":["pop","\n","^You were born in Brazil.","\n",{"->":".^.^.^.13"},null]}],"pop","nop","\n",{"->":".^.^.^.7"},null]}],["du","ev",7,"==","/ev",{"->":".^.b","c":true},{"b":["pop","\n","^You are an NCSU student. ","<>","\n","ev",{"VAR?":"story_start"},"/ev",["du","ev",4,"==","/ev",{"->":".^.b","c":true},{"b":["pop","\n","^You were born in Ecuador, the youngest of 13 siblings.","\n",{"->":".^.^.^.13"},null]}],["du","ev",5,"==","/ev",{"->":".^.b","c":true},{"b":["pop","\n","^You were born in Egypt, in a family of 6.","\n",{"->":".^.^.^.13"},null]}],["du","ev",7,"==","/ev",{"->":".^.b","c":true},{"b":["pop","\n","^You were born in New York, a secret bastard child of Donald Trump.","\n",{"->":".^.^.^.13"},null]}],["du","ev","str","^A","/str","==","/ev",{"->":".^.b","c":true},{"b":["pop","\n","^You were born in Brazil.","\n",{"->":".^.^.^.13"},null]}],"pop","nop","\n",{"->":".^.^.^.7"},null]}],"pop","nop","\n","ev","str","^Round 4","/str","/ev",{"*":".^.c-0","flg":4},{"c-0":["^ ",{"->":"Round4_1"},"\n",{"#f":5}]}],{"#f":1}],"Round4_1":[["ev","visit",2,"seq","/ev","ev","du",0,"==","/ev",{"->":".^.s0","c":true},"ev","du",1,"==","/ev",{"->":".^.s1","c":true},"nop",{"s0":["pop","^You lost this round, which means your opoonents gets to chose your memory! ",{"->":"Lost4_1"},{"->":".^.^.17"},null],"s1":["pop","^You won this round! ",{"->":"Won4_1"},{"->":".^.^.17"},null],"#f":5}],"\n",{"#f":1}],"Lost4_1":["ev","str",["ev","visit",5,"seq","/ev","ev","du",0,"==","/ev",{"->":".^.s0","c":true},"ev","du",1,"==","/ev",{"->":".^.s1","c":true},"ev","du",2,"==","/ev",{"->":".^.s2","c":true},"ev","du",3,"==","/ev",{"->":".^.s3","c":true},"ev","du",4,"==","/ev",{"->":".^.s4","c":true},"nop",{"s0":["pop","^A",{"->":".^.^.35"},null],"s1":["pop","^J",{"->":".^.^.35"},null],"s2":["pop","^3",{"->":".^.^.35"},null],"s3":["pop","^6",{"->":".^.^.35"},null],"s4":["pop",{"->":".^.^.35"},null],"#f":5}],"/str","/ev",{"VAR=":"setting_related_choices","re":true},"^He has two cards in his hand and he has chosen: ","ev",{"VAR?":"setting_related_choices"},"out","/ev","^.","\n",{"->":"next4_1"},{"#f":1}],"Won4_1":[["ev",{"VAR?":"win"},1,"+",{"VAR=":"win","re":true},"/ev","^You have four cards in your hand and you chose:","\n",["ev",{"^->":"Won4_1.0.8.$r1"},{"temp=":"$r"},"str",{"->":".^.s"},[{"#n":"$r1"}],"/str","/ev",{"*":".^.^.c-0","flg":18},{"s":["^A ","ev","str","^A","/str",{"f()":"set_setting_related_choices"},"out","/ev","^ ",{"->":"$r","var":true},null]}],["ev",{"^->":"Won4_1.0.9.$r1"},{"temp=":"$r"},"str",{"->":".^.s"},[{"#n":"$r1"}],"/str","/ev",{"*":".^.^.c-1","flg":18},{"s":["^J ","ev","str","^J","/str",{"f()":"set_setting_related_choices"},"out","/ev","^ ",{"->":"$r","var":true},null]}],["ev",{"^->":"Won4_1.0.10.$r1"},{"temp=":"$r"},"str",{"->":".^.s"},[{"#n":"$r1"}],"/str","/ev",{"*":".^.^.c-2","flg":18},{"s":["^3 ","ev",3,{"f()":"set_setting_related_choices"},"out","/ev","^ ",{"->":"$r","var":true},null]}],["ev",{"^->":"Won4_1.0.11.$r1"},{"temp=":"$r"},"str",{"->":".^.s"},[{"#n":"$r1"}],"/str","/ev",{"*":".^.^.c-3","flg":18},{"s":["^6 ","ev",6,{"f()":"set_setting_related_choices"},"out","/ev","^ ",{"->":"$r","var":true},null]}],{"c-0":["ev",{"^->":"Won4_1.0.c-0.$r2"},"/ev",{"temp=":"$r"},{"->":".^.^.8.s"},[{"#n":"$r2"}],"\n",{"->":"next4_1"},{"#f":5}],"c-1":["ev",{"^->":"Won4_1.0.c-1.$r2"},"/ev",{"temp=":"$r"},{"->":".^.^.9.s"},[{"#n":"$r2"}],"\n",{"->":"next4_1"},{"#f":5}],"c-2":["ev",{"^->":"Won4_1.0.c-2.$r2"},"/ev",{"temp=":"$r"},{"->":".^.^.10.s"},[{"#n":"$r2"}],"\n",{"->":"next4_1"},{"#f":5}],"c-3":["ev",{"^->":"Won4_1.0.c-3.$r2"},"/ev",{"temp=":"$r"},{"->":".^.^.11.s"},[{"#n":"$r2"}],"\n",{"->":"next4_1"},{"#f":5}]}],{"#f":1}],"set_setting_related_choices":[{"temp=":"x"},"ev",{"VAR?":"x"},"/ev",{"VAR=":"setting_related_choices","re":true},{"#f":1}],"next4_1":[["ev",{"VAR?":"character"},"/ev",["du","ev",2,"==","/ev",{"->":".^.b","c":true},{"b":["pop","\n","^You are a doctor in your late thirties. ","<>","\n","ev",{"VAR?":"story_start"},"/ev",["du","ev",4,"==","/ev",{"->":".^.b","c":true},{"b":["pop","\n","^You were born in Ecuador, the youngest of 13 siblings.","\n",{"->":".^.^.^.13"},null]}],["du","ev",5,"==","/ev",{"->":".^.b","c":true},{"b":["pop","\n","^You were born in Egypt, in a family of 6.","\n",{"->":".^.^.^.13"},null]}],["du","ev",7,"==","/ev",{"->":".^.b","c":true},{"b":["pop","\n","^You were born in New York, a secret bastard child of Donald Trump.","\n",{"->":".^.^.^.13"},null]}],["du","ev","str","^A","/str","==","/ev",{"->":".^.b","c":true},{"b":["pop","\n","^You were born in Brazil.","\n",{"->":".^.^.^.13"},null]}],"pop","nop","\n",{"->":".^.^.^.7"},null]}],["du","ev",10,"==","/ev",{"->":".^.b","c":true},{"b":["pop","\n","^You are a lift operator. ","<>","\n","ev",{"VAR?":"story_start"},"/ev",["du","ev",4,"==","/ev",{"->":".^.b","c":true},{"b":["pop","\n","^You were born in Ecuador, the youngest of 13 siblings.","\n",{"->":".^.^.^.13"},null]}],["du","ev",5,"==","/ev",{"->":".^.b","c":true},{"b":["pop","\n","^You were born in Egypt, in a family of 6.","\n",{"->":".^.^.^.13"},null]}],["du","ev",7,"==","/ev",{"->":".^.b","c":true},{"b":["pop","\n","^You were born in New York, a secret bastard child of Donald Trump.","\n",{"->":".^.^.^.13"},null]}],["du","ev","str","^A","/str","==","/ev",{"->":".^.b","c":true},{"b":["pop","\n","^You were born in Brazil.","\n",{"->":".^.^.^.13"},null]}],"pop","nop","\n",{"->":".^.^.^.7"},null]}],["du","ev",7,"==","/ev",{"->":".^.b","c":true},{"b":["pop","\n","^You are an NCSU student. ","<>","\n","ev",{"VAR?":"story_start"},"/ev",["du","ev",4,"==","/ev",{"->":".^.b","c":true},{"b":["pop","\n","^You were born in Ecuador, the youngest of 13 siblings.","\n",{"->":".^.^.^.13"},null]}],["du","ev",5,"==","/ev",{"->":".^.b","c":true},{"b":["pop","\n","^You were born in Egypt, in a family of 6.","\n",{"->":".^.^.^.13"},null]}],["du","ev",7,"==","/ev",{"->":".^.b","c":true},{"b":["pop","\n","^You were born in New York, a secret bastard child of Donald Trump.","\n",{"->":".^.^.^.13"},null]}],["du","ev","str","^A","/str","==","/ev",{"->":".^.b","c":true},{"b":["pop","\n","^You were born in Brazil.","\n",{"->":".^.^.^.13"},null]}],"pop","nop","\n",{"->":".^.^.^.7"},null]}],"pop","nop","\n","ev",{"VAR?":"setting"},"/ev",["du","ev","str","^A","/str","==","/ev",{"->":".^.b","c":true},{"b":["pop","\n","^You developed a gambling addiction.","\n",{"->":".^.^.^.17"},null]}],["du","ev","str","^J","/str","==","/ev",{"->":".^.b","c":true},{"b":["pop","\n","^The screen is playing Star Wars: The Phantom Menace.","\n",{"->":".^.^.^.17"},null]}],["du","ev",3,"==","/ev",{"->":".^.b","c":true},{"b":["pop","\n","^There was a terrorist attack in the amusement park.","\n",{"->":".^.^.^.17"},null]}],["du","ev",6,"==","/ev",{"->":".^.b","c":true},{"b":["pop","\n","^You ordered a glass of ice American and drank with relish.","\n",{"->":".^.^.^.17"},null]}],"pop","nop","\n","ev","str","^Round 5","/str","/ev",{"*":".^.c-0","flg":4},{"c-0":[{"->":"Round5"},"\n",{"#f":5}]}],{"#f":1}],"Round4":[["ev","visit",2,"seq","/ev","ev","du",0,"==","/ev",{"->":".^.s0","c":true},"ev","du",1,"==","/ev",{"->":".^.s1","c":true},"nop",{"s0":["pop","^You lost. ",{"->":"Lost4"},{"->":".^.^.17"},null],"s1":["pop","^You won. ",{"->":"Won4"},{"->":".^.^.17"},null],"#f":5}],"\n",{"#f":1}],"Lost4":["ev","str",["ev","visit",2,"seq","/ev","ev","du",0,"==","/ev",{"->":".^.s0","c":true},"ev","du",1,"==","/ev",{"->":".^.s1","c":true},"nop",{"s0":["pop","^K",{"->":".^.^.17"},null],"s1":["pop","^8",{"->":".^.^.17"},null],"#f":5}],"/str","/ev",{"VAR=":"story_conflict","re":true},"^Your opponent has won, which means he gets to chose your memory. He has two cards in his hand and he has chosen: ","ev",{"VAR?":"story_conflict"},"out","/ev","^.","\n",{"->":"next4"},{"#f":1}],"Won4":[["ev",{"VAR?":"win"},1,"+",{"VAR=":"win","re":true},"/ev","^You have two cards in your hand and you chose:","\n",["ev",{"^->":"Won4.0.8.$r1"},{"temp=":"$r"},"str",{"->":".^.s"},[{"#n":"$r1"}],"/str","/ev",{"*":".^.^.c-0","flg":18},{"s":["^K ","ev","str","^K","/str",{"f()":"set_conflict"},"out","/ev","^ ",{"->":"$r","var":true},null]}],["ev",{"^->":"Won4.0.9.$r1"},{"temp=":"$r"},"str",{"->":".^.s"},[{"#n":"$r1"}],"/str","/ev",{"*":".^.^.c-1","flg":18},{"s":["^8 ","ev",8,{"f()":"set_conflict"},"out","/ev","^ ",{"->":"$r","var":true},null]}],{"c-0":["ev",{"^->":"Won4.0.c-0.$r2"},"/ev",{"temp=":"$r"},{"->":".^.^.8.s"},[{"#n":"$r2"}],"\n",{"->":"next4"},{"#f":5}],"c-1":["ev",{"^->":"Won4.0.c-1.$r2"},"/ev",{"temp=":"$r"},{"->":".^.^.9.s"},[{"#n":"$r2"}],"\n",{"->":"next4"},{"#f":5}]}],{"#f":1}],"set_conflict":[{"temp=":"x"},"ev",{"VAR?":"x"},"/ev",{"VAR=":"story_conflict","re":true},{"#f":1}],"next4":[["ev","str","^Round 5","/str","/ev",{"*":".^.c-0","flg":4},{"c-0":[{"->":"Round5"},"\n",{"#f":5}]}],{"#f":1}],"Round5":["^Congratualations! You now have your full memory!","\n","ev",{"VAR?":"character"},"/ev",["du","ev",2,"==","/ev",{"->":".^.b","c":true},{"b":["pop","\n","^You are a doctor in your late thirties. ","<>","\n","ev",{"VAR?":"story_start"},"/ev",["du","ev",4,"==","/ev",{"->":".^.b","c":true},{"b":["pop","\n","^You were born in Ecuador, the youngest of 13 siblings.","\n",{"->":".^.^.^.13"},null]}],["du","ev",5,"==","/ev",{"->":".^.b","c":true},{"b":["pop","\n","^You were born in Egypt, in a family of 6.","\n",{"->":".^.^.^.13"},null]}],["du","ev",7,"==","/ev",{"->":".^.b","c":true},{"b":["pop","\n","^You were born in New York, a secret bastard child of Donald Trump.","\n",{"->":".^.^.^.13"},null]}],["du","ev","str","^A","/str","==","/ev",{"->":".^.b","c":true},{"b":["pop","\n","^You were born in Brazil.","\n",{"->":".^.^.^.13"},null]}],"pop","nop","\n",{"->":"Round5.9"},null]}],["du","ev",10,"==","/ev",{"->":".^.b","c":true},{"b":["pop","\n","^You are a lift operator. ","<>","\n","ev",{"VAR?":"story_start"},"/ev",["du","ev",4,"==","/ev",{"->":".^.b","c":true},{"b":["pop","\n","^You were born in Ecuador, the youngest of 13 siblings.","\n",{"->":".^.^.^.13"},null]}],["du","ev",5,"==","/ev",{"->":".^.b","c":true},{"b":["pop","\n","^You were born in Egypt, in a family of 6.","\n",{"->":".^.^.^.13"},null]}],["du","ev",7,"==","/ev",{"->":".^.b","c":true},{"b":["pop","\n","^You were born in New York, a secret bastard child of Donald Trump.","\n",{"->":".^.^.^.13"},null]}],["du","ev","str","^A","/str","==","/ev",{"->":".^.b","c":true},{"b":["pop","\n","^You were born in Brazil.","\n",{"->":".^.^.^.13"},null]}],"pop","nop","\n",{"->":"Round5.9"},null]}],["du","ev",7,"==","/ev",{"->":".^.b","c":true},{"b":["pop","\n","^You are an NCSU student. ","<>","\n","ev",{"VAR?":"story_start"},"/ev",["du","ev",4,"==","/ev",{"->":".^.b","c":true},{"b":["pop","\n","^You were born in Ecuador, the youngest of 13 siblings.","\n",{"->":".^.^.^.13"},null]}],["du","ev",5,"==","/ev",{"->":".^.b","c":true},{"b":["pop","\n","^You were born in Egypt, in a family of 6.","\n",{"->":".^.^.^.13"},null]}],["du","ev",7,"==","/ev",{"->":".^.b","c":true},{"b":["pop","\n","^You were born in New York, a secret bastard child of Donald Trump.","\n",{"->":".^.^.^.13"},null]}],["du","ev","str","^A","/str","==","/ev",{"->":".^.b","c":true},{"b":["pop","\n","^You were born in Brazil.","\n",{"->":".^.^.^.13"},null]}],"pop","nop","\n",{"->":"Round5.9"},null]}],"pop","nop","\n","ev",{"VAR?":"setting"},"/ev",["du","ev","str","^A","/str","==","/ev",{"->":".^.b","c":true},{"b":["pop","\n","^You developed a gambling addiction.","\n",{"->":"Round5.19"},null]}],["du","ev","str","^J","/str","==","/ev",{"->":".^.b","c":true},{"b":["pop","\n","^The screen is playing Star Wars: The Phantom Menace.","\n",{"->":"Round5.19"},null]}],["du","ev",3,"==","/ev",{"->":".^.b","c":true},{"b":["pop","\n","^There was a terrorist attack in the amusement park.","\n",{"->":"Round5.19"},null]}],["du","ev",6,"==","/ev",{"->":".^.b","c":true},{"b":["pop","\n","^You ordered a glass of ice American and drank with relish.","\n",{"->":"Round5.19"},null]}],"pop","nop","\n","ev",{"VAR?":"setting"},"/ev",["du","ev","str","^A","/str","==","/ev",{"->":".^.b","c":true},{"b":["pop","\n","^You are in a casino.","\n",{"->":"Round5.29"},null]}],["du","ev","str","^J","/str","==","/ev",{"->":".^.b","c":true},{"b":["pop","\n","^You are in a movie theatre.","\n",{"->":"Round5.29"},null]}],["du","ev",3,"==","/ev",{"->":".^.b","c":true},{"b":["pop","\n","^You are in an amusement park.","\n",{"->":"Round5.29"},null]}],["du","ev",6,"==","/ev",{"->":".^.b","c":true},{"b":["pop","\n","^You are in a coffee shop.","\n",{"->":"Round5.29"},null]}],"pop","nop","\n","end",{"#f":1}],"global decl":["ev","str","^","/str",{"VAR=":"setting"},"str","^","/str",{"VAR=":"character"},"str","^","/str",{"VAR=":"story_start"},"str","^","/str",{"VAR=":"setting_related_choices"},"str","^","/str",{"VAR=":"story_conflict"},"str","^","/str",{"VAR=":"story_end"},0,{"VAR=":"win"},"/ev","end",null],"#f":1}],"listDefs":{}}