﻿{"inkVersion":20,"root":[["^You wake up.","\n","^You don't remember who you are and where you are! But, there is a man nearby wearing a Gucci basketball hat holding a bunch of cards.","\n","^The man offers you to play Blackjack.","\n","^As you play the game of Blackjack, you will retrieve your memory but with a \"twist\". Your memory will be altered by the virtue of how you play the game.","\n","ev","str","^Discover your memory","/str","/ev",{"*":"0.c-0","flg":4},{"c-0":["\n",{"->":"0.g-0"},{"#f":5}],"g-0":["done",{"#f":5}]}],"done",{"#f":1}],"listDefs":{}}